wrapper_path,expected_module,result,traceback,recommendation,reason
/Users/georgeelkins/nmr/ccpnmr2.4/ccpnmr2.4/c/memops/global/py_fit.py,,OK,,None,Imported successfully (OK) — likely via repo-level stub or converted implementation.
/Users/georgeelkins/nmr/ccpnmr2.4/ccpnmr2.4/c/memops/global/py_block_file.py,,OK,,None,Imported successfully (OK) — likely via repo-level stub or converted implementation.
/Users/georgeelkins/nmr/ccpnmr2.4/ccpnmr2.4/c/memops/global/py_shape_file.py,,OK,,None,Imported successfully (OK) — likely via repo-level stub or converted implementation.
/Users/georgeelkins/nmr/ccpnmr2.4/ccpnmr2.4/c/memops/global/py_pdf_handler.py,,OK,,None,Imported successfully (OK) — likely via repo-level stub or converted implementation.
/Users/georgeelkins/nmr/ccpnmr2.4/ccpnmr2.4/c/memops/global/py_store_file.py,,OK,,None,Imported successfully (OK) — likely via repo-level stub or converted implementation.
/Users/georgeelkins/nmr/ccpnmr2.4/ccpnmr2.4/c/memops/global/py_tk_util.py,,OK,,None,Imported successfully (OK) — likely via repo-level stub or converted implementation.
/Users/georgeelkins/nmr/ccpnmr2.4/ccpnmr2.4/c/memops/global/py_tk_handler.py,,OK,,None,Imported successfully (OK) — likely via repo-level stub or converted implementation.
/Users/georgeelkins/nmr/ccpnmr2.4/ccpnmr2.4/c/memops/global/py_mem_cache.py,,OK,,None,Imported successfully (OK) — likely via repo-level stub or converted implementation.
/Users/georgeelkins/nmr/ccpnmr2.4/ccpnmr2.4/c/memops/global/py_draw_handler.py,,OK,,None,Imported successfully (OK) — likely via repo-level stub or converted implementation.
/Users/georgeelkins/nmr/ccpnmr2.4/ccpnmr2.4/c/memops/global/py_store_handler.py,,OK,,None,Imported successfully (OK) — likely via repo-level stub or converted implementation.
/Users/georgeelkins/nmr/ccpnmr2.4/ccpnmr2.4/c/memops/global/py_gl_handler.py,,OK,,None,Imported successfully (OK) — likely via repo-level stub or converted implementation.
/Users/georgeelkins/nmr/ccpnmr2.4/ccpnmr2.4/c/memops/global/py_ps_handler.py,,OK,,None,Imported successfully (OK) — likely via repo-level stub or converted implementation.
/Users/georgeelkins/nmr/ccpnmr2.4/ccpnmr2.4/c/other/cambridge/bayes/py_bayes.py,,OK,,None,Imported successfully (OK) — likely via repo-level stub or converted implementation.
/Users/georgeelkins/nmr/ccpnmr2.4/ccpnmr2.4/c/other/meccano/pysrc/py_meccano.py,,OK,,None,Imported successfully (OK) — likely via repo-level stub or converted implementation.
/Users/georgeelkins/nmr/ccpnmr2.4/ccpnmr2.4/c/ccp/structure/py_struct_util.py,,OK,,None,Imported successfully (OK) — likely via repo-level stub or converted implementation.
/Users/georgeelkins/nmr/ccpnmr2.4/ccpnmr2.4/c/ccp/structure/py_atom.py,,OK,,None,Imported successfully (OK) — likely via repo-level stub or converted implementation.
/Users/georgeelkins/nmr/ccpnmr2.4/ccpnmr2.4/c/ccp/structure/py_bond.py,,OK,,None,Imported successfully (OK) — likely via repo-level stub or converted implementation.
/Users/georgeelkins/nmr/ccpnmr2.4/ccpnmr2.4/c/ccp/structure/py_structure.py,,OK,,None,Imported successfully (OK) — likely via repo-level stub or converted implementation.
/Users/georgeelkins/nmr/ccpnmr2.4/ccpnmr2.4/c/ccpnmr/dynamics/py_dist_constraint.py,,OK,,None,Imported successfully (OK) — likely via repo-level stub or converted implementation.
/Users/georgeelkins/nmr/ccpnmr2.4/ccpnmr2.4/c/ccpnmr/dynamics/py_dynamics.py,,OK,,None,Imported successfully (OK) — likely via repo-level stub or converted implementation.
/Users/georgeelkins/nmr/ccpnmr2.4/ccpnmr2.4/c/ccpnmr/dynamics/py_atom_coord_list.py,,OK,,None,Imported successfully (OK) — likely via repo-level stub or converted implementation.
/Users/georgeelkins/nmr/ccpnmr2.4/ccpnmr2.4/c/ccpnmr/dynamics/py_dist_constraint_list.py,,OK,,None,Imported successfully (OK) — likely via repo-level stub or converted implementation.
/Users/georgeelkins/nmr/ccpnmr2.4/ccpnmr2.4/c/ccpnmr/dynamics/py_atom_coord.py,,OK,,None,Imported successfully (OK) — likely via repo-level stub or converted implementation.
/Users/georgeelkins/nmr/ccpnmr2.4/ccpnmr2.4/c/ccpnmr/dynamics/py_dist_force.py,,OK,,None,Imported successfully (OK) — likely via repo-level stub or converted implementation.
/Users/georgeelkins/nmr/ccpnmr2.4/ccpnmr2.4/c/ccpnmr/analysis/py_contour_style.py,,OK,,None,Imported successfully (OK) — likely via repo-level stub or converted implementation.
/Users/georgeelkins/nmr/ccpnmr2.4/ccpnmr2.4/c/ccpnmr/analysis/py_contour_levels.py,,OK,,None,Imported successfully (OK) — likely via repo-level stub or converted implementation.
/Users/georgeelkins/nmr/ccpnmr2.4/ccpnmr2.4/c/ccpnmr/analysis/py_peak.py,,OK,,None,Imported successfully (OK) — likely via repo-level stub or converted implementation.
/Users/georgeelkins/nmr/ccpnmr2.4/ccpnmr2.4/c/ccpnmr/analysis/py_peak_cluster.py,,OK,,None,Imported successfully (OK) — likely via repo-level stub or converted implementation.
/Users/georgeelkins/nmr/ccpnmr2.4/ccpnmr2.4/c/ccpnmr/analysis/py_contour_file.py,,OK,,None,Imported successfully (OK) — likely via repo-level stub or converted implementation.
/Users/georgeelkins/nmr/ccpnmr2.4/ccpnmr2.4/c/ccpnmr/analysis/py_peak_list.py,,OK,,None,Imported successfully (OK) — likely via repo-level stub or converted implementation.
/Users/georgeelkins/nmr/ccpnmr2.4/ccpnmr2.4/c/ccpnmr/analysis/py_slice_file.py,,OK,,None,Imported successfully (OK) — likely via repo-level stub or converted implementation.
/Users/georgeelkins/nmr/ccpnmr2.4/ccpnmr2.4/c/ccpnmr/analysis/py_win_peak_list.py,,OK,,None,Imported successfully (OK) — likely via repo-level stub or converted implementation.
/Users/georgeelkins/nmr/ccpnmr2.4/ccpnmr2.4/c/ccpnmr/clouds/py_dist_constraint.py,,OK,,None,Imported successfully (OK) — likely via repo-level stub or converted implementation.
/Users/georgeelkins/nmr/ccpnmr2.4/ccpnmr2.4/c/ccpnmr/clouds/py_dynamics.py,,OK,,None,Imported successfully (OK) — likely via repo-level stub or converted implementation.
/Users/georgeelkins/nmr/ccpnmr2.4/ccpnmr2.4/c/ccpnmr/clouds/py_atom_coord_list.py,,OK,,None,Imported successfully (OK) — likely via repo-level stub or converted implementation.
/Users/georgeelkins/nmr/ccpnmr2.4/ccpnmr2.4/c/ccpnmr/clouds/py_cloud_util.py,,OK,,None,Imported successfully (OK) — likely via repo-level stub or converted implementation.
/Users/georgeelkins/nmr/ccpnmr2.4/ccpnmr2.4/c/ccpnmr/clouds/py_dist_constraint_list.py,,OK,,None,Imported successfully (OK) — likely via repo-level stub or converted implementation.
/Users/georgeelkins/nmr/ccpnmr2.4/ccpnmr2.4/c/ccpnmr/clouds/py_bacus.py,,OK,,None,Imported successfully (OK) — likely via repo-level stub or converted implementation.
/Users/georgeelkins/nmr/ccpnmr2.4/ccpnmr2.4/c/ccpnmr/clouds/py_atom_coord.py,,OK,,None,Imported successfully (OK) — likely via repo-level stub or converted implementation.
/Users/georgeelkins/nmr/ccpnmr2.4/ccpnmr2.4/c/ccpnmr/clouds/py_midge.py,,OK,,None,Imported successfully (OK) — likely via repo-level stub or converted implementation.
/Users/georgeelkins/nmr/ccpnmr2.4/ccpnmr2.4/c/ccpnmr/clouds/py_dist_force.py,,OK,,None,Imported successfully (OK) — likely via repo-level stub or converted implementation.
